Currency Symbol,Currency Code,Currency Name,Usage Zone,Exchange Rate to USD
$,USD,United States Dollar,United States,1
€,EUR,Euro,European Union,0.92
¥,JPY,Japanese Yen,Japan,109.83
£,GBP,British Pound Sterling,United Kingdom,0.76
A$,AUD,Australian Dollar,Australia,1.32
C$,CAD,Canadian Dollar,Canada,1.24
CHF,CHF,Swiss Franc,Switzerland,0.92
CNY,CNY,Chinese Yuan Renminbi,China,6.47
SEK,SEK,Swedish Krona,Sweden,9.10
NZ$,NZD,New Zealand Dollar,New Zealand,1.42
₩,KRW,South Korean Won,South Korea,1171.47
S$,SGD,Singapore Dollar,Singapore,1.35
NOK,NOK,Norwegian Krone,Norway,9.37
MXN,MXN,Mexican Peso,Mexico,19.90
₹,INR,Indian Rupee,India,75.63
₽,RUB,Russian Ruble,Russia,72.85
ZAR,ZAR,South African Rand,South Africa,14.89
TRY,TRY,Turkish Lira,Turkey,8.77
R$,BRL,Brazilian Real,Brazil,5.37
NT$,TWD,New Taiwan Dollar,Taiwan,28.16
DKK,DKK,Danish Krone,Denmark,6.29
PLN,PLN,Polish Zloty,Poland,3.81
฿,THB,Thai Baht,Thailand,32.96
IDR,IDR,Indonesian Rupiah,Indonesia,14470.00
HK$,HKD,Hong Kong Dollar,Hong Kong,7.76
MYR,MYR,Malaysian Ringgit,Malaysia,4.17
HUF,HUF,Hungarian Forint,Hungary,310.80
CZK,CZK,Czech Koruna,Czech Republic,22.40
₪,ILS,Israeli Shekel,Israel,3.27
CLP,CLP,Chilean Peso,Chile,821.08
₱,PHP,Philippine Peso,Philippines,52.62
AED,AED,United Arab Emirates Dirham,United Arab Emirates,3.67