Type Code,Type Name,Description
PT,Part-time,A part-time job typically involves working fewer hours per week than a full-time job, providing flexibility for employees to balance work with other commitments or interests.
FT,Full-time,A full-time job requires employees to work a standard number of hours per week, usually around 35-40 hours, and often includes benefits such as health insurance and paid time off.
CT,Contractor,Contract jobs are temporary positions where individuals work for a specific period or project. Contracts define terms such as duration, pay, and responsibilities.
FL,Freelance,Freelance work involves individuals working independently for multiple clients or projects, offering flexibility in choosing projects and managing work schedules, often done remotely.
