Job Title,Category
AI Engineer,AI
Data Engineer,Data
Machine Learning Engineer,AI
ML Engineer,AI
Data Analyst,Data
NLP Engineer,AI
Data Scientist,Data
Applied Scientist,Research
Data Manager,Data
Data Architect,Data
Data Operations Manager,Data
Research Scientist,Research
Data Science Manager,Data
Business Intelligence Engineer,Business Intelligence
Business Intelligence,Business Intelligence
Data Modeler,Data
Data Integration Specialist,Data
Data Product Manager,Data
Data Visualization Specialist,Data
Data Science,Data
Data Specialist,Data
Business Intelligence Lead,Business Intelligence
Research Analyst,Research
Business Intelligence Analyst,Business Intelligence
AI Software Engineer,AI
Machine Learning Scientist,AI
Data Science Engineer,Data
Machine Learning Operations Engineer,AI
Analytics Engineer,Data
Data Management Analyst,Data
Encounter Data Management Professional,Data
Data Analytics Specialist,Data
Head of Data,Data
Data Analytics Lead,Data
Research Engineer,Research
AI Scientist,AI
Business Intelligence Developer,Business Intelligence
Machine Learning Developer,AI
Data Management Specialist,Data
Data Infrastructure Engineer,Data
BI Developer,Business Intelligence
Admin & Data Analyst,Data
Insight Analyst,Data
Consultant Data Engineer,Data
Business Intelligence Manager,Business Intelligence
Manager Data Management,Data
Data Quality Manager,Data
Data Analytics Manager,Data
Robotics Engineer,Robotics
Business Intelligence Specialist,Business Intelligence
Data Operations Analyst,Data
Director of Business Intelligence,Business Intelligence
Data Product Owner,Data
AI Research Scientist,AI
Data Operations Specialist,Data
Bear Robotics,Robotics
Data Science Consultant,Data
Data Lead,Data
Data Operations Associate,Data
AI Architect,AI
Lead Data Scientist,Data
MLOps Engineer,AI
BI Analyst,Business Intelligence
Applied Research Scientist,Research
Prompt Engineer,Data
Data Integration Engineer,Data
Machine Learning Infrastructure Engineer,AI
Data Developer,Data
CRM Data Analyst,Data
ETL Developer,Data
Cloud Database Engineer,Data
Data Science Analyst,Data
Data Science Practitioner,Data
BI Data Analyst,Business Intelligence
Applied Data Scientist,Research
Data Quality Engineer,Data
Computational Biologist,Research
Big Data Engineer,Data
Data Analytics Associate,Data
Data Reporting Analyst,Data
Data Management Consultant,Data
Data Quality Analyst,Data
Robotics Software Engineer,Robotics
Machine Learning Researcher,AI
Data DevOps Engineer,Data
Data Science Director,Data
Data Strategist,Data
Big Data Developer,Data
Quantitative Research Analyst,Research
Lead Machine Learning Engineer,AI
Machine Learning Research Engineer,AI
Data Analytics Consultant,Data
AI Research Engineer,AI
AI Programmer,AI
ETL Engineer,Data
AI Product Manager,AI
AI Developer,AI
Computer Vision Engineer,AI
Head of Machine Learning,AI
Data Analyst Lead,Data
Data Integration Developer,Data
ML Ops Engineer,AI
Data Pipeline Engineer,Data
Lead Data Analyst,Data
Data Science Lead,Data
Director of Data Science,Data
Managing Director Data Science,Data
Business Data Analyst,Business Intelligence
Marketing Data Scientist,Data
Deep Learning Engineer,AI
Machine Learning Modeler,AI
Decision Scientist,Research
Financial Data Analyst,Data
Data Strategy Manager,Data
Data Visualization Engineer,Data
Azure Data Engineer,Data
Principal Data Scientist,Data
Staff Data Analyst,Data
Machine Learning Software Engineer,AI
Applied Machine Learning Scientist,AI
Data Operations Engineer,Data
Machine Learning Manager,AI
Principal Machine Learning Engineer,AI
Principal Data Engineer,Data
Power BI Developer,Business Intelligence
Head of Data Science,Data
Staff Machine Learning Engineer,AI
Staff Data Scientist,Data
Machine Learning Specialist,AI
Business Intelligence Data Analyst,Business Intelligence
Data Modeller,Data
Finance Data Analyst,Data
Software Data Engineer,Data
Compliance Data Analyst,Data
Cloud Data Engineer,Data
Analytics Engineering Manager,Data
AWS Data Architect,Data
Product Data Analyst,Data
Data Visualization Analyst,Data
Autonomous Vehicle Technician,Robotics
Sales Data Analyst,Data
Applied Machine Learning Engineer,AI
BI Data Engineer,Business Intelligence
Deep Learning Researcher,AI
Big Data Architect,Data
Computer Vision Software Engineer,AI
Marketing Data Engineer,Data
Data Science Tech Lead,Data
Data Scientist Lead,Data
Marketing Data Analyst,Data
Principal Data Architect,Data
Data Analytics Engineer,Data
Cloud Data Architect,Data
Lead Data Engineer,Data
Principal Data Analyst,Data